longitude,latitude,region
-0.05228653,51.628384,2.0
-7.5582614,54.948387,0
-4.195688,51.7208,8.0
-4.737774,49.95214,0
-1.3280882,55.211216,0
-1.8570535,53.59363,5.0
1.5449079,50.756443,0
-3.265393,50.86238,10.0
-3.8388958,49.694534,0
-3.4841576,59.191807,0
-8.258142,54.63862,0
-5.836474,52.537148,0
-1.8210757,57.000626,0
-5.601894,52.544525,0
-6.597437,55.263992,0
-7.1702905,53.863678,0
-3.735296,58.638763,0
-2.777096,53.85688,3.0
-1.238398,53.373558,5.0
-0.42547458,51.58974,2.0
-4.3546233,51.199535,0
-5.3937526,49.79708,0
-2.5977,51.425484,10.0
-5.69901,56.395576,0
-0.29300246,51.56602,2.0
-2.3053598,53.49919,3.0
-4.730003,49.814632,0
-7.394022,53.716053,0
-2.1872811,53.373684,3.0
-5.4542227,53.650158,0
-3.3190334,51.135223,10.0
-4.0176907,58.77214,0
-1.6364105,55.171432,7.0
2.0555882,51.42829,0
-6.511458,52.237885,0
-0.5412338,56.167118,0
-2.7708685,52.866425,4.0
-2.5103548,53.48803,3.0
-7.84581,55.210434,0
-3.7253032,51.620514,8.0
0.6418863,50.780415,0
-6.675285,58.014717,0
-3.7902217,54.23695,0
-1.2308433,50.855362,6.0
-2.2931712,49.984085,0
-1.9610738,50.71469,10.0
-0.8270813,55.207428,0
-4.361665,51.337044,0
-2.0466318,51.528683,10.0
-1.351126,54.775356,7.0
-6.392901,55.68456,0
-6.0837116,52.666546,0
-7.4798727,56.191753,0
1.179614,52.749172,9.0
-5.0293097,51.046333,0
2.130395,52.251858,0
-1.9199988,51.803665,10.0
1.3009433,53.654484,0
-1.5681452,56.17497,0
-1.3761021,53.639183,5.0
-3.7553828,53.41195,0
0.31212106,51.89937,9.0
-5.5352135,54.611275,0
-7.906946,55.620853,0
-2.0811605,55.900677,0
-0.11465033,54.373074,0
-0.24448141,52.465992,9.0
-2.3246481,53.622356,3.0
-1.5650308,56.449986,0
-5.6338305,55.709404,0
-5.5945287,49.51561,0
1.7927246,51.02403,0
-8.0125065,54.651108,0
-3.0339737,53.328655,3.0
-6.1638007,51.011375,0
-6.9859023,56.350418,0
-7.5964794,55.222164,0
-3.284918,56.1062,11.0
-1.0711555,55.4846,0
-5.820239,55.015545,0
-5.1636195,49.66591,0
-4.132963,51.34143,0
-6.37748,50.86583,0
-0.24741428,51.609726,2.0
-2.9713895,50.531002,0
-5.838335,57.767532,0
1.75945,50.612007,0
-7.0550737,52.904484,0
-5.3257833,52.00197,0
-2.0545084,52.182457,4.0
-7.5798965,56.87608,0
-6.185329,58.444695,0
-5.384174,49.659664,0
-3.76084,51.72304,8.0
-4.293155,58.767532,0
0.39332047,51.121315,6.0
0.4163241,55.051544,0
-7.4474034,54.1269,0
-6.011204,54.587883,12.0
-6.711431,58.288723,0
0.2569658,51.42336,6.0
-1.0373552,56.85954,0
-6.570706,57.192505,0
-5.1067276,58.61294,0
1.0112838,52.973965,0
-4.2220225,57.79742,11.0
-2.0920203,52.56242,4.0
-5.116235,55.58605,0
1.1554791,51.83307,9.0
-3.5405865,54.10283,0
-2.4324481,51.55597,10.0
0.017379504,52.163567,9.0
-6.20171,58.581783,0
-5.0219026,54.34996,0
2.195544,52.938015,0
-2.6246285,57.961597,0
-2.5860002,50.791286,10.0
-2.9115338,58.647236,0
-4.968187,50.084156,0
-0.77026343,52.427216,1.0
-6.6305985,51.131496,0
-2.3499873,53.446674,3.0
-7.96968,56.0312,0
-5.83586,49.78327,0
-4.751648,55.741825,11.0
-3.7211907,56.31612,11.0
-4.58233,55.274113,11.0
-4.2817726,55.935368,11.0
1.5345576,50.619057,0
-2.3565698,58.100113,0
-1.3946873,53.361095,5.0
-4.5234156,54.22382,0
-0.21919037,51.419502,2.0
-6.9252825,57.867565,0
-0.101902895,51.53525,2.0
-7.3591623,53.442123,0
-5.2451744,54.068905,0
-1.563453,56.587482,0
0.6297028,54.49675,0
-5.514678,51.445778,0
-7.2240567,56.202858,0
1.2796388,53.37979,0
-4.501529,49.682114,0
-2.08174,56.175697,0
0.8570258,51.566345,9.0
-4.515065,54.086403,0
-5.7777405,51.850643,0
-0.35445797,54.514156,0
-1.0779014,52.97903,1.0
-1.5870324,52.264618,4.0
-2.355204,57.96264,0
-4.0419345,59.184242,0
-2.15866,53.020256,4.0
2.0434628,51.291004,0
-4.0870743,51.645477,8.0
-6.3076577,57.201828,0
-6.6871157,53.883568,0
-1.0478084,56.447094,0
-2.082628,56.588223,0
-7.3194656,56.887474,0
-0.7348194,52.109047,6.0
1.9464023,52.80888,0
-3.7701938,59.325703,0
-2.8640149,51.573734,8.0
-6.1153116,50.462254,0
0.011946838,51.5691,2.0
-5.833361,55.15278,0
1.0403155,53.38613,0
-0.22935767,51.5047,2.0
-0.041822247,50.65624,0
-6.103424,50.324966,0
-2.740026,50.11975,0
-2.634368,58.51144,0
-7.5980554,53.43113,0
-5.5592413,54.88584,0
0.003669566,51.61585,2.0
0.626502,50.505417,0
-6.1690974,58.30759,0
-5.285656,51.45243,0
-6.277605,49.76778,0
-0.2950257,51.06317,6.0
-0.48399448,51.784714,9.0
-1.6503326,54.983273,7.0
-6.3019977,50.04233,0
-0.44042623,50.82281,6.0
-6.6266403,53.335106,0
-8.094954,55.198196,0
-1.8264551,50.734,10.0
-1.4477361,54.85244,7.0
-1.929339,55.434204,7.0
-6.19911,56.241978,0
-4.048326,54.508003,0
0.126095,51.493065,2.0
-0.5464229,56.02965,0
-2.7415352,53.995266,3.0
-2.9630094,50.118114,0
0.8510694,50.50013,0
-4.435254,52.71192,0
-6.470143,51.82633,0
0.08762085,51.599037,2.0
-4.091002,55.97498,11.0
-7.6714487,53.978752,0
-0.5299142,53.99432,5.0
-7.2044497,54.137676,0
-6.880907,53.46267,0
-2.5398724,51.451687,10.0
-3.6271398,49.973045,0
-4.1540294,57.21496,11.0
-0.47714898,52.814102,1.0
-2.3546007,53.682068,3.0
-7.346955,55.233387,0
-4.8707237,52.151592,0
-6.788628,52.640106,0
0.15956694,54.918804,0
-2.2984195,51.745415,10.0
-1.5602549,56.862476,0
-6.6566296,53.609356,0
-0.13839109,50.854733,6.0
-3.1789496,55.912743,11.0
-5.4347224,59.154873,0
-6.390407,51.003063,0
-5.902556,50.607292,0
-6.865212,53.325596,0
-2.08354,57.000725,0
-1.7321124,54.367123,5.0
-1.4865998,55.03724,7.0
2.0801275,51.702827,0
-5.972445,51.431145,0
-4.227571,53.26646,0
-3.404077,52.10204,8.0
1.9589024,52.946148,0
-2.4996648,57.345524,11.0
-0.028675279,51.58542,2.0
-3.457087,55.3625,11.0
-6.6118293,53.197968,0
1.0700722,53.79826,0
0.4408081,51.52833,9.0
-4.220985,55.887955,11.0
-6.492669,58.709576,0
-6.309155,55.00657,12.0
-3.1589653,57.82037,0
-4.785684,50.777065,0
-6.912688,53.73681,0
-3.5205312,53.552753,0
-1.0338082,56.997025,0
-3.1400638,55.943523,11.0
-3.8436048,56.019325,11.0
-1.4061034,54.9742,7.0
-1.3087081,53.20383,1.0
-5.6726236,54.641174,12.0
1.3203381,51.294186,6.0
-3.5209448,50.445415,10.0
-5.8036494,49.371193,0
-7.3419466,53.30515,0
-0.9468697,50.53029,0
-6.6718097,53.746464,0
-0.0999065,53.56476,5.0
-6.715077,51.954464,0
-2.2948575,50.259384,0
-1.816206,52.89962,4.0
-1.5506432,55.093204,7.0
-1.6214755,53.500816,5.0
-2.919849,53.27669,3.0
1.6196777,51.717937,0
-0.0507113,51.224514,6.0
-0.072983816,51.56245,2.0
-2.3667476,51.38021,10.0
1.3290442,50.900486,0
-5.948782,51.156548,0
-7.0233455,52.630363,0
-3.217668,51.354527,0
0.37579504,54.364414,0
-0.06821451,50.821068,6.0
-0.8240014,51.607124,6.0
-1.4810941,53.812126,5.0
-1.535834,53.782833,5.0
-2.2430222,53.427666,3.0
-1.3162531,55.8988,0
-3.7842937,54.099464,0
-6.5877457,57.329563,0
-6.1515355,50.8741,0
-2.1222506,52.764996,4.0
-5.118973,58.750195,0
-5.719163,53.91751,0
0.5780518,53.672245,0
-0.2783754,51.678886,9.0
-3.149215,51.471836,8.0
-1.2599912,54.665573,7.0
-6.3779564,54.45092,12.0
-3.7725852,53.824467,0
-7.9132676,53.967056,0
0.18206352,51.597294,2.0
-1.947983,54.77383,7.0
0.58648187,53.80967,0
-1.0155506,54.537136,7.0
-6.871473,55.005722,12.0
-5.694933,53.64296,0
-1.3064076,56.44881,0
1.7339983,53.0911,0
-0.7161395,53.615273,5.0
-4.241986,53.5414,0
-0.046625186,51.422874,2.0
-1.7121907,54.935978,7.0
-2.1758602,57.123432,11.0
0.33693296,53.677197,0
0.6121972,54.221928,0
-1.0613234,55.89712,0
-1.019299,57.546894,0
-3.4008856,49.83833,0
-1.5451317,58.0998,0
-2.870183,51.766502,8.0
-0.30275294,55.751453,0
-3.49619,59.466595,0
-4.855073,58.893852,0
-6.672336,51.543007,0
-2.2907941,52.1561,4.0
-5.404504,55.991203,0
-6.8432837,50.98513,0
-4.8273625,51.464386,0
-0.44614214,51.499294,2.0
-4.9347196,49.534245,0
-7.338419,54.6649,12.0
1.5649494,53.922195,0
-4.059819,49.69082,0
-6.9066114,57.7306,0
-5.2138834,56.080593,11.0
-7.1506743,55.655033,0
-4.343041,56.24409,11.0
-0.459967,52.136444,9.0
-5.590683,52.407196,0
-5.388437,52.826145,0
-1.6795851,55.02244,7.0
-2.1651342,53.418633,3.0
-5.677724,50.61462,0
-6.6625657,58.1298,11.0
-6.520492,56.781322,0
0.38886893,51.407505,6.0
-1.0266191,57.27196,0
0.5309873,52.828033,9.0
-1.6790608,53.82605,5.0
-7.818057,53.282806,0
-6.377568,55.54744,0
-0.6503594,51.44143,6.0
0.42463878,55.188965,0
-4.499959,55.88272,11.0
0.98874784,51.893314,9.0
-6.6574574,57.877693,0
-7.001698,58.415382,0
-0.32622463,55.201584,0
-2.7209928,52.480625,4.0
-0.24500568,51.5512,2.0
-0.7921931,51.49692,6.0
-8.300661,54.91205,0
-1.4092408,53.540665,5.0
-6.976702,52.21914,0
-6.2759542,56.927616,0
-7.580081,53.294212,0
-5.1926694,53.38215,0
-6.641573,53.472225,0
-2.4730198,51.355114,10.0
-6.02091,51.980263,0
-2.7937844,54.304386,3.0
-1.4236363,52.957436,1.0
-6.2655487,49.630505,0
-1.0941375,50.830612,6.0
1.6307017,51.85528,0
-2.9224339,59.059547,0
-3.0333908,53.855698,3.0
-6.471596,56.370083,0
0.7183509,51.812225,9.0
-5.4528008,50.62151,0
-5.584484,49.37821,0
-0.21261781,51.36745,2.0
-0.4610153,51.901752,9.0
-3.7560375,59.050934,0
-1.8267844,55.763054,0
-7.615833,55.359035,0
-6.745906,56.49755,0
-2.8658876,53.572144,3.0
-6.347293,55.273174,0
-7.225277,52.346115,0
-2.9261363,59.19698,0
-0.18840256,51.874,9.0
1.7103894,52.816505,0
-5.9605665,51.293842,0
-0.20055394,50.8455,6.0
-2.8122585,50.919247,10.0
1.3335677,54.06649,0
-5.476882,53.924778,0
0.30189815,51.492786,9.0
-6.3237243,57.33893,0
-4.3511524,55.891235,11.0
-3.8022277,54.511925,0
-7.328611,55.09645,0
-2.0646946,51.944763,10.0
-2.185207,50.656178,10.0
1.3446246,54.203808,0
-2.9739585,56.305,11.0
-7.187047,55.928963,0
-4.261271,55.848663,11.0
-4.6151757,50.628654,10.0
-2.02983,53.476246,3.0
-1.8801414,53.74236,5.0
-3.412844,53.24736,8.0
-5.925488,50.88193,0
0.12351808,54.231537,0
-5.879979,50.332645,0
-6.5971394,53.060833,0
-5.6857457,56.258358,0
0.16696145,55.05624,0
1.1213449,54.485046,0
-0.775952,56.857254,0
0.85642314,54.216385,0
-7.874712,53.693375,0
-3.412955,50.25117,0
-2.0851157,57.68815,0
-8.137241,55.4717,0
-6.213835,51.560402,0
0.25458285,51.570282,2.0
-7.1687827,55.792004,0
-4.776919,54.355846,0
-8.116007,55.334946,0
-5.416634,56.128475,0
0.17720713,50.51469,0
0.1224576,51.439556,2.0
-5.462913,50.758907,0
0.2865204,52.2619,9.0
-4.7222915,49.677128,0
-1.2829365,57.68615,0
0.9048769,54.903263,0
-3.6409106,51.509537,8.0
-8.032858,54.78789,0
-4.2762957,54.98887,11.0
1.3689021,51.450066,0
-0.8106284,55.75742,0
-5.6245875,52.819157,0
-6.135813,53.215473,0
-4.671015,52.706844,0
-1.5852971,53.379845,5.0
-5.9964843,51.70571,0
-3.4904993,51.65575,8.0
-6.88116,55.528374,0
-2.2201416,53.59265,3.0
-4.853663,55.454853,0
-1.1726658,50.80792,6.0
-5.668901,58.735703,0
-0.26598018,56.57616,0
-1.7494974,50.871883,6.0
-1.1717849,50.532104,0
0.16667971,51.01642,6.0
-0.3204323,55.339054,0
-6.6033144,50.857124,0
-3.9950945,53.408184,0
-7.4410725,55.917973,0
-6.758852,52.365864,0
-1.5586344,56.999977,0
-2.338529,56.175262,0
-2.3373246,56.037754,0
-6.6294394,55.538162,0
-1.8236688,56.45062,0
-3.1127577,55.832108,11.0
0.3678924,54.22698,0
0.17441979,55.193684,0
-5.2184105,50.490547,0
-5.891224,50.469975,0
-1.0903885,52.642555,1.0
-0.56548864,53.225994,1.0
-3.312638,55.887154,11.0
-3.0333724,53.38143,3.0
-1.0743766,55.347088,0
-4.7938895,50.91453,0
-6.0916276,50.18766,0
-2.7379122,49.98211,0
-3.1859694,50.116055,0
-5.336016,52.13934,0
-6.1491075,53.352695,0
-5.4833755,51.033672,0
1.5075822,53.23565,0
-5.667041,50.477264,0
-2.9575295,49.84284,0
0.08603052,51.566536,2.0
-0.18719809,51.48035,2.0
-5.9854198,56.661964,0
-5.493727,51.171043,0
-0.12929338,51.439693,2.0
-0.09265489,51.44392,2.0
-5.2277927,50.627968,0
1.2203366,52.220486,9.0
-0.8311072,55.069912,0
-2.0838497,57.138218,0
1.7701428,53.50295,0
-1.4640234,53.244568,1.0
-5.0320325,54.487324,0
-6.332407,52.795395,0
-0.33766216,54.926624,0
-0.40237126,51.6631,9.0
-3.187735,51.761932,8.0
-7.866014,55.347248,0
-0.08247383,55.060425,0
-5.8435974,54.594963,12.0
-1.9823527,52.71264,4.0
-8.279312,54.775337,0
0.5097666,51.169865,6.0
-6.2919273,52.38378,0
-5.868821,50.19531,0
-1.092248,53.956738,5.0
-1.6014999,54.94706,7.0
1.1398251,51.456432,0
1.3388919,51.037895,0
-6.0895505,54.457478,12.0
-6.8576436,51.122265,0
-1.0585192,53.960884,5.0
-5.420925,53.238167,0
-8.195686,54.228394,0
-0.19059722,51.25874,6.0
-6.563181,50.445522,0
-2.0709906,50.12209,0
-0.035052415,56.022568,0
-6.576454,50.582726,0
-0.34768936,51.42893,2.0
-5.6261177,58.324154,0
-0.5617223,55.61722,0
-1.0615661,51.268852,6.0
0.00864184,51.380627,2.0
-1.0826206,53.11542,1.0
-3.4327185,57.955063,0
-1.774131,51.34577,10.0
-6.8474336,55.254303,0
-6.8867054,51.396523,0
-1.4663419,53.414562,5.0
-4.001557,53.54567,0
-0.68349075,51.328968,6.0
-1.7386883,53.81422,5.0
-4.87794,59.16841,0
-1.4293517,50.925827,6.0
1.6418132,51.99261,0
-6.0965786,52.803787,0
-2.5170245,50.120956,0
-4.8796062,52.289032,0
0.17889723,51.310173,6.0
-5.374669,49.522243,0
-6.763134,56.634586,0
-0.6015138,51.510952,6.0
-6.744144,52.22874,0
-7.5445704,53.020344,0
-2.0218115,53.5586,3.0
-6.7736807,52.502995,0
-5.6085396,55.4349,0
-7.4995275,56.328632,0
-4.5749383,51.057236,0
-7.429462,53.98996,0
-3.914738,51.65485,8.0
-6.214209,56.379112,0
-0.44092813,50.929565,6.0
-1.8264575,53.79634,5.0
1.0208818,53.111355,0
-5.6402473,58.461346,0
-4.7404447,53.806248,0
1.0600715,53.66089,0
0.5613987,53.397373,0
-5.3055596,51.727207,0
-3.1769352,58.370132,0
-4.94299,49.67173,0
-1.5727158,55.762432,0
-0.89832413,51.893124,6.0
-6.1896496,53.76432,0
-7.886393,55.48406,0
-1.8470752,50.397312,0
-1.8981835,52.490463,4.0
-7.2911334,52.894176,0
-3.0550792,51.704853,8.0
-5.2563834,51.040226,0
-4.3069124,55.58346,11.0
-1.9050078,52.42642,4.0
-4.7494493,53.943653,0
-3.1928222,50.391296,0
-6.849644,53.188503,0
-6.218244,58.71887,0
-5.5575886,51.995186,0
-2.470333,51.8372,10.0
-2.6561708,53.110165,3.0
1.4852875,52.961,0
-4.3068495,50.236855,0
-6.8342037,53.05142,0
-0.3489068,54.651646,0
-4.548891,54.636074,0
1.8267913,51.435997,0
-0.87947917,52.245,1.0
-6.700717,51.817318,0
0.6341638,50.642914,0
-3.2051718,59.194695,0
-0.77144235,56.994724,0
-0.080869675,51.495026,2.0
-0.08901853,54.922966,0
-1.07757,55.20958,0
-5.8734055,55.564438,0
-5.975018,59.001827,0
1.2473148,51.350086,6.0
-2.929874,59.334404,0
-0.45979944,51.422787,6.0
-5.288781,54.618225,0
-3.5294979,55.861153,11.0
-6.4599624,54.029934,0
-4.0371957,51.947006,8.0
-7.3588243,57.16126,0
-7.205471,56.065907,0
-4.1412325,55.80631,11.0
-7.4752555,52.472527,0
-6.226592,51.69764,0
-7.8556724,53.55653,0
-6.570897,54.25647,12.0
-5.0565486,51.458633,0
-1.6311487,54.86161,7.0
-6.416567,51.2775,0
-5.706998,53.780243,0
2.1561394,52.526337,0
-8.154911,53.954876,0
0.8283111,53.80421,0
-0.67228514,54.38891,5.0
-1.5573479,54.76791,7.0
-1.6241889,53.87327,5.0
-3.4665296,58.779583,0
-0.053176556,50.38112,0
-4.302252,58.90488,0
-5.3338857,55.16748,0
-7.007673,52.493298,0
-1.4594431,53.343975,5.0
-2.9134967,53.783848,3.0
-4.050169,59.321594,0
-6.44035,58.298447,0
-2.1204298,53.263718,3.0
-4.2566404,53.81633,0
-5.547177,54.74856,0
-6.2524133,51.972115,0
-0.68710524,53.77275,5.0
-6.81574,57.04564,0
-0.59592193,54.654762,0
-6.008649,51.84299,0
-2.3650339,58.924862,0
0.17759351,51.535564,2.0
-6.0567803,49.775738,0
-5.1547313,49.528454,0
-1.4053891,52.751812,1.0
-5.240224,50.191223,10.0
-6.1226287,53.078255,0
0.81909525,53.66681,0
0.31437668,53.264805,0
-0.41423795,51.873707,9.0
-0.48706472,52.02663,9.0
-5.1722655,53.107414,0
-1.4691135,53.373215,5.0
0.8099547,53.529396,0
-3.4382248,58.092495,0
1.576448,51.168537,0
-0.99093527,51.269726,6.0
-2.2682984,57.549213,11.0
-5.9128647,58.453312,0
-6.901408,51.533638,0
0.5747544,51.977997,9.0
-2.7443027,50.39503,0
-2.2026567,53.065704,4.0
-2.1062455,52.52147,4.0
-1.5503104,57.68738,0
-6.1112204,55.419018,0
-6.96314,58.141487,0
-1.280209,57.823624,0
-0.83509856,54.932407,0
-7.402939,55.644157,0
-0.7219804,50.528038,0
0.80088985,53.391994,0
-5.2660637,51.177628,0
-3.3417583,55.958153,11.0
-1.6663142,53.625072,5.0
-1.9663866,52.454266,4.0
-5.5714083,55.02311,0
-0.5566668,55.7547,0
-2.6288145,53.51748,3.0
-4.2695265,55.81159,11.0
-1.3189956,54.594463,7.0
-3.3470652,50.715584,10.0
-0.028040254,56.159996,0
-3.3316824,51.737278,8.0
-6.3894563,57.88726,0
-5.042248,54.62468,0
-2.45125,52.66758,4.0
-6.4397063,56.09589,0
-2.1075842,52.61089,4.0
-6.968064,56.213432,0
-1.3013535,56.723797,0
-3.7421448,58.776157,0
-1.3998531,53.04196,1.0
-0.2907089,56.026375,0
-7.8939095,53.830215,0
-1.1422378,52.692986,1.0
-1.2001681,52.986156,1.0
-6.139367,50.736828,0
-1.0309795,52.311275,1.0
0.43302432,55.32637,0
-0.058334354,51.936142,9.0
-1.8750414,53.375393,1.0
-2.4756591,51.4518,10.0
-1.8243029,56.313118,0
-6.3728,57.750187,0
-3.8144376,54.786884,0
-6.6784873,55.949368,0
-3.1792216,49.840794,0
-1.7395841,51.53324,10.0
-6.362365,55.410305,0
-4.143882,50.411552,10.0
-1.3383497,53.484367,5.0
-7.562253,53.157276,0
-5.812697,52.26256,0
-6.9503794,56.07643,0
-0.3816925,51.356537,6.0
2.1050606,51.977352,0
-0.7994128,51.375015,6.0
-4.077471,50.10352,0
-6.0595465,57.347744,0
-5.872866,52.948986,0
-3.854657,50.107296,0
-0.19353722,51.584038,2.0
-6.244809,56.653378,0
-3.508725,50.720524,10.0
-0.06921516,55.335342,0
1.1492994,51.593838,0
-6.888108,57.593613,0
1.3893077,51.724815,0
0.85938436,50.6376,0
-4.062201,54.782925,0
-1.6238556,50.25915,0
-4.506784,53.948963,0
-5.6121187,58.186966,0
-0.3937029,52.17455,9.0
-5.442768,50.48412,0
-2.1254013,52.45787,4.0
-7.519355,56.4655,0
-6.5898323,50.719933,0
-1.3208206,50.920643,6.0
-8.237149,54.501884,0
-7.32487,53.16816,0
-6.3399353,57.476017,0
1.0801562,53.93562,0
-1.8249314,56.1756,0
-3.0068395,53.46369,3.0
-2.3126752,53.16087,3.0
-5.473104,50.896286,0
1.5749018,52.442738,9.0
-6.4453173,53.892784,0
-6.693275,58.151726,0
0.9309395,52.650696,9.0
-7.6550426,55.632767,0
-6.5500097,50.308315,0
-4.445873,50.43735,10.0
-4.1453753,55.859547,11.0
-6.203388,53.901512,0
-0.75058335,52.009975,6.0
0.39180145,54.639282,0
-6.1760244,53.62712,0
0.32935196,53.53973,0
1.2881703,51.17911,6.0
-5.182425,53.24478,0
-7.5772896,55.085285,0
-1.0443549,56.584576,0
-5.824537,52.39985,0
-0.050192226,51.366093,2.0
-5.7314305,54.05479,0
0.7145413,51.26119,6.0
0.40188405,50.510273,0
-7.6353545,55.495907,0
-1.8197441,57.2756,0
-5.6710987,53.36838,0
-3.1690626,53.382725,3.0
-1.1587466,52.635445,1.0
-3.1893823,50.25367,0
0.6475057,54.771557,0
-1.1144897,54.595367,7.0
-3.8493626,49.969715,0
-2.890624,57.822536,0
-4.48235,53.53665,0
-0.7935946,56.30737,0
-3.675402,51.34887,0
-1.8330735,50.789505,10.0
-5.002705,50.633995,0
-5.9424753,54.64232,12.0
-4.7226567,53.531418,0
-6.3053126,52.520996,0
-7.825777,55.073616,0
1.0848918,51.267227,6.0
-7.0972757,55.2441,0
-2.9044347,58.37235,0
-4.9251094,52.976116,0
-6.1095514,52.941025,0
-3.9099324,51.482925,0
-0.31366083,51.871174,9.0
-2.087791,58.78789,0
-5.825041,49.64592,0
-4.8885603,52.426453,0
-2.9602587,49.980484,0
-5.6459217,50.202526,0
-6.1400113,55.69336,0
-6.351927,50.59135,0
-3.2882285,54.78096,3.0
-2.357948,58.237576,0
-4.7585297,54.08106,0
-6.3562927,57.613102,0
-0.22694348,52.280537,9.0
-1.5028602,51.066826,6.0
-3.186172,58.645,0
-1.4013419,53.83366,5.0
-4.294362,54.503586,0
-3.7784147,53.96196,0
-5.094642,55.311394,0
-5.8851957,53.086254,0
-1.3038918,56.586304,0
2.031433,51.153725,0
-5.392479,55.85393,0
-1.3210485,55.623775,0
0.59942174,51.536823,9.0
-7.616178,53.568054,0
-5.525278,51.583138,0
-4.320702,59.17956,0
-2.1506016,52.979427,4.0
-1.8141698,58.375404,0
-7.0403676,56.761356,0
-4.3407035,55.84094,11.0
-2.428798,53.06184,3.0
-7.2091417,52.209084,0
1.3996335,51.862194,0
-1.561861,56.724987,0
-1.0767317,51.669727,6.0
-2.2152317,52.88475,4.0
-3.8441088,49.832123,0
-1.3186612,55.761288,0
-5.14381,59.024693,0
-6.2786508,52.246567,0
0.3600557,54.089542,0
-1.2912955,51.995293,6.0
-6.7980494,56.90863,0
-3.0709717,53.423904,3.0
-5.4319334,53.375507,0
-4.866452,59.03113,0
-6.033992,49.501102,0
-6.833589,57.18264,0
-3.6317985,50.11064,0
-3.7271776,50.36999,10.0
-2.3639913,53.39572,3.0
-0.8390562,54.794895,0
-6.8036966,52.777214,0
-3.038252,51.568977,8.0
-4.7862306,54.493244,0
-5.3805566,55.71665,0
-6.613369,55.401077,0
-5.2344985,53.93156,0
-5.3463326,52.27672,0
-4.0080724,53.683167,0
-2.7457757,53.41953,3.0
-4.139375,51.478966,0
-4.5685287,58.76234,0
-0.79284984,52.7041,1.0
-1.9532049,52.422966,4.0
0.21268626,55.880814,0
-1.0838758,54.934536,0
-6.169304,55.96768,0
0.7740449,51.36579,6.0
-5.942495,56.25043,0
-6.661997,55.81231,0
1.1662332,52.051495,9.0
-2.2207313,53.778008,3.0
-4.4904275,53.6741,0
-4.034683,54.233067,0
0.56230056,51.437927,6.0
-4.517328,55.984688,11.0
-3.1546152,56.184162,11.0
-4.27154,54.091244,0
-1.2721851,53.09283,1.0
-4.5981035,51.469696,0
1.921706,52.53435,0
1.3192743,50.76309,0
-1.8190694,57.41309,0
-5.403405,49.9345,0
0.48181763,51.32639,6.0
-3.1678677,58.09526,0
-6.265479,52.10934,0
-2.6368594,58.648888,0
-0.6132788,51.558678,6.0
1.9095058,52.397068,0
-2.577521,53.369835,3.0
-1.5742129,55.624912,0
-1.259344,52.970898,1.0
-7.153749,57.58303,0
-1.8255545,56.03809,0
-3.4089007,50.113564,0
0.5369269,52.98504,0
-5.4210224,59.017662,0
-7.3390574,57.02437,0
-3.8629606,56.660065,11.0
-5.596057,55.297646,0
-7.1615024,51.79795,0
-4.2871575,49.824226,0
-5.961334,53.90976,0
-0.2574243,51.332355,6.0
-1.9947399,52.488323,4.0
-1.5166955,52.52177,4.0
-3.1633961,57.957813,0
-3.6225166,49.835438,0
-0.0035827095,51.443455,2.0
-2.0854394,57.825634,0
-4.745605,50.089638,0
0.10273037,52.5329,9.0
-0.7182482,50.665646,0
-1.398469,50.395855,0
-0.068521224,51.46985,2.0
-0.29096583,53.756863,5.0
-0.124356106,51.64068,2.0
-1.991466,53.71773,5.0
-7.8367867,53.419666,0
-5.74361,51.438686,0
-0.0812541,51.667126,2.0
-4.9822216,53.800476,0
-1.6291742,52.545147,4.0
-6.9441257,58.00453,0
-5.1034117,52.1457,0
-1.5468738,57.962326,0
-1.0807364,55.072052,0
-5.682966,53.50567,0
-4.3114333,59.04222,0
-2.404843,53.480377,3.0
1.8734901,51.985207,0
0.05722764,53.03077,1.0
-2.081449,56.03819,0
-6.8515997,57.31964,0
-1.057989,56.03462,0
-4.91586,52.838707,0
-5.4883547,54.062096,0
-1.5596161,52.834824,1.0
-0.15556848,52.618515,9.0
-6.729756,58.42573,0
0.44148204,55.46377,0
-6.201178,51.423153,0
-5.0018973,54.07523,0
-5.213411,53.656868,0
-5.299915,54.75555,0
0.8376036,53.9416,0
-5.848506,52.674427,0
-1.4185592,53.247704,1.0
-0.8147949,55.619926,0
-2.515548,49.983315,0
-6.4239697,55.95879,0
1.885399,52.122498,0
-1.6205658,50.672073,0
-3.1825826,49.97843,0
-7.3765216,53.579098,0
-5.6046495,49.653004,0
-7.756079,56.316944,0
-1.0557805,53.505424,5.0
-5.410008,53.100834,0
-3.670778,55.944,11.0
-4.818895,51.326927,0
-6.0683074,49.913055,0
-2.9479272,53.073902,8.0
-1.9264369,53.877903,5.0
-4.605948,51.607166,0
-7.6528716,53.841854,0
-0.5772829,51.899113,9.0
0.8998739,51.89154,9.0
-0.10194275,54.64803,0
-0.6828211,51.152756,6.0
-2.717539,52.169018,4.0
-4.959723,49.946686,0
-0.8230211,55.34493,0
-5.1725755,49.803352,0
-2.2747617,53.392532,3.0
-2.6222494,57.82414,0
1.5188679,53.37297,0
-2.1213078,53.457203,3.0
-5.3454037,55.304775,0
-4.234749,53.40394,0
-7.193135,52.07204,0
0.6813898,51.60564,9.0
-3.024908,53.644527,3.0
-1.1706203,52.77008,1.0
-2.7464662,50.532658,0
0.84697443,54.079002,0
-2.5200129,50.39625,0
0.40808058,54.91413,0
-2.3089986,53.555927,3.0
-5.237249,50.765396,0
-4.264059,53.95379,0
-0.9903228,53.35763,1.0
-5.7892995,51.987953,0
-7.2885475,54.993267,12.0
-1.8177012,57.68805,0
-6.6583138,51.405846,0
-5.9709845,56.524784,0
1.475839,52.19124,9.0
-6.7025504,54.020676,0
-5.202997,53.519505,0
-7.300045,56.750557,0
-6.645647,55.675236,0
-4.5733576,55.55183,11.0
-3.5531647,51.576904,8.0
-7.492375,52.60949,0
-2.6134298,53.659252,3.0
-1.820413,57.13811,0
1.9970182,53.357895,0
-1.9039168,52.52907,4.0
-3.263373,51.50184,8.0
-4.0146427,53.820644,0
-7.384118,55.507244,0
-3.9534547,55.78747,11.0
-5.712899,59.14721,0
-6.0582876,52.392048,0
-2.7189252,55.94032,11.0
-6.346121,52.932594,0
-5.6466413,55.846657,0
-3.525483,53.690285,0
1.3117278,53.79182,0
-6.3879366,53.34414,0
0.591852,51.37478,6.0
-6.1212907,57.89626,0
-1.5538899,52.43205,4.0
0.18356118,50.652233,0
-1.4829189,54.957306,7.0
-1.237767,51.75485,6.0
-4.573041,55.814114,11.0
-0.13323912,51.508038,2.0
-4.249283,53.678875,0
2.1691678,52.663567,0
-0.19514403,51.50589,2.0
-2.9336467,59.47183,0
-5.1271715,55.723366,0
-2.9146578,56.74414,11.0
-4.8021593,51.05201,0
0.78719914,51.128567,6.0
-7.474037,54.373398,12.0
-5.3224654,55.030167,0
-7.1366935,53.58966,0
1.0755529,50.49441,0
-6.639792,57.740673,0
-0.30943996,50.838745,6.0
0.18952844,55.46854,0
-5.3567314,52.414078,0
-2.29657,50.534676,0
-4.1382513,53.13922,8.0
-2.965781,50.255745,0
-1.8183883,57.55057,0
-7.1872997,54.000687,0
-5.659562,55.98389,0
-1.8213764,51.09595,10.0
-0.16259374,51.464016,2.0
-4.055234,54.645462,0
0.11926659,51.76766,9.0
0.152235,54.78136,0
-6.568115,52.786537,0
-7.2579393,52.62016,0
-2.6444757,59.061226,0
-0.13207671,51.5882,2.0
0.2048999,55.743393,0
0.2559214,51.233112,6.0
-7.7994785,53.145924,0
-4.972506,53.663097,0
-4.5787144,58.899662,0
-1.9025022,50.742912,10.0
-1.8217328,56.863125,0
-4.8995776,51.907555,8.0
-7.527031,52.8834,0
-7.6901793,54.115635,0
-5.132444,52.55789,0
-4.8437986,58.75656,0
-0.7848514,56.58231,0
1.984246,50.604527,0
-4.810494,51.18947,0
-4.609852,59.311584,0
-4.6543536,52.431946,0
-1.0679065,55.622112,0
-6.202089,54.69029,12.0
-0.12092423,54.235596,0
-5.8976264,53.22351,0
-0.2672577,50.65981,0
-0.27331755,51.44874,2.0
-5.255939,54.20624,0
-2.595307,56.174294,0
-3.190855,58.78242,0
-2.9561493,54.86857,3.0
-6.3738832,53.20696,0
1.5417187,53.647594,0
-3.417041,50.38878,0
-2.1830924,52.575,4.0
-6.9328494,55.939426,0
-3.8011231,55.730827,11.0
-0.66549075,52.29252,1.0
-6.014675,56.93629,0
0.1819417,55.331112,0
-2.8046823,51.972458,4.0
-3.4723506,58.917,0
-5.6993423,50.889328,0
1.0501524,53.52351,0
-1.6168468,53.799576,5.0
-2.9193046,53.3994,3.0
-7.927678,55.757652,0
-2.085766,57.963104,0
-0.5766302,55.20476,0
-6.992125,52.35622,0
-1.816308,57.963,0
-1.1324534,53.58653,5.0
-5.910159,53.36078,0
-3.170204,51.499252,8.0
-0.28038418,51.51802,2.0
-0.24789797,53.598976,5.0
-1.7434714,52.64896,4.0
-6.1841416,56.10483,0
-2.940306,53.4494,3.0
-7.952466,54.240692,0
-3.414224,51.445038,8.0
-0.5533928,51.18685,6.0
0.11648857,54.094078,0
1.8039906,51.161354,0
0.59498215,53.94709,0
-5.999982,56.799126,0
-7.4603877,56.054863,0
-4.7051597,53.256573,0
-5.4074507,58.88046,0
-3.0320175,53.800484,3.0
1.5553386,50.893806,0
-0.514592,56.854416,0
-5.922795,53.498028,0
-3.5156205,53.415234,0
-2.6419132,58.923786,0
2.1176767,52.1146,0
-6.443143,51.551926,0
-5.807229,54.87831,0
-3.4465535,51.35192,0
-1.720378,52.410706,4.0
-1.8223838,56.725628,0
-6.510436,58.84661,0
-0.048895266,55.747684,0
-4.8358974,51.601833,0
-5.9144983,55.97605,0
-1.4568433,52.26432,4.0
-4.59032,51.332207,0
0.4088923,50.64779,0
-3.5729408,50.549694,10.0
-0.5359987,56.304592,0
0.11009325,51.53618,2.0
-6.1545944,55.83053,0
-3.2799485,53.555573,0
-4.992018,53.93785,0
-6.416391,53.618477,0
-4.302098,54.641018,0
-6.5040503,56.644253,0
-0.2169035,51.450905,2.0
-4.934434,53.11352,0
-2.9685743,50.39338,0
-1.1303587,52.615387,1.0
1.090325,54.07299,0
0.62091297,54.35934,0
-1.3267049,53.69982,5.0
1.8499547,51.71061,0
-3.5666177,54.790333,0
1.4963893,53.098324,0
0.8932799,52.24988,9.0
1.3095797,50.62567,0
-5.368738,55.579365,0
-1.0421029,52.122604,1.0
-6.898241,55.665394,0
-1.7572489,53.764114,5.0
-7.509632,52.746445,0
-1.8134123,53.85203,5.0
-4.540328,54.498665,0
-1.2985939,51.744995,6.0
0.86776495,50.775074,0
-5.511587,54.33669,0
-0.3735262,51.225273,6.0
-5.2667947,54.34357,0
-2.8395216,51.454285,10.0
-0.8664558,53.125454,1.0
-6.553819,57.055454,0
-0.29675692,55.88892,0
-1.3720967,51.26425,6.0
1.6624068,52.642395,9.0
-2.4983869,53.74463,3.0
-1.4002041,50.25821,0
-0.9540105,51.09391,6.0
-2.852065,56.17279,0
-1.5121971,54.611233,7.0
-3.8770301,55.85323,11.0
-1.5192386,50.849342,6.0
-0.95295,50.255043,0
-0.35737318,51.50783,2.0
-4.0777254,52.25461,8.0
-4.8975873,52.56388,0
-2.28866,53.032173,4.0
-3.7668037,53.686966,0
-4.021267,53.95812,0
-0.5200148,56.71697,0
-1.4938132,54.90682,7.0
-2.083233,56.863224,0
0.0889476,53.544174,0
-0.52539015,56.579506,0
-1.8475164,50.25966,0
-7.932785,54.103878,0
-4.0279474,54.0956,0
-1.5569994,57.13746,0
-2.2043755,53.453037,3.0
-3.4901452,59.329205,0
-6.0453424,49.63842,0
-0.43933234,51.54679,2.0
-6.1886206,51.285896,0
-2.0874455,58.650433,0
-1.0386872,51.45415,6.0
-0.54593956,51.716312,9.0
-0.044715766,52.79096,1.0
-4.4125543,52.299503,0
-0.7293583,50.25281,0
-4.4200597,52.436974,0
-1.8018419,52.416462,4.0
-2.5215247,50.533886,0
-4.7676864,54.218456,0
-6.864224,55.391335,0
-0.77899957,50.926846,6.0
-0.30869687,55.613995,0
0.87556016,54.49115,0
-4.2866907,54.366135,0
-5.5467324,51.857845,0
-5.0203714,50.90889,0
-5.943651,58.727577,0
-1.1872873,52.933514,1.0
-2.0399137,52.526947,4.0
-2.6799762,54.72156,3.0
0.38376477,54.501854,0
-2.0823293,56.450718,0
-0.5057975,50.250153,0
-4.371036,53.28584,8.0
-2.071195,50.259735,0
-1.3703645,50.90442,6.0
-6.229441,56.516247,0
1.2586817,53.105076,0
-6.239452,51.83489,0
0.5949496,52.297134,9.0
-1.1765671,50.25684,0
1.1026664,50.90673,0
-1.5615753,54.533237,7.0
-5.142278,52.69528,0
-1.8230292,56.588123,0
-2.5504744,51.103447,10.0
-5.721302,51.164017,0
-1.0646293,55.759617,0
-7.115278,57.309174,0
-7.1149225,55.38108,0
-6.4062667,58.024334,0
-0.0625003,55.47279,0
-2.1112957,53.498703,3.0
-4.5157595,49.957172,0
-1.5453835,55.01815,7.0
-0.11322439,51.556767,2.0
-0.31459007,55.47652,0
-3.214944,59.469513,0
-0.7739543,51.28078,6.0
-3.7610695,53.549458,0
-2.161526,50.903442,10.0
-1.1934794,53.836315,5.0
1.9842082,53.220646,0
-0.5717036,55.342247,0
-7.3988943,57.435024,0
-6.6222854,57.603634,0
0.13681476,52.189503,9.0
-2.9151332,58.78467,0
1.0305585,53.248737,0
0.88524973,54.628525,0
-1.2386909,54.555923,7.0
-5.984417,51.568428,0
0.48283073,51.7321,9.0
0.14496447,54.643906,0
-2.8819427,51.34401,10.0
-5.688491,50.75198,0
-1.295022,51.087418,6.0
-1.0837198,50.79481,6.0
-6.711903,56.223476,0
-3.460763,58.642174,0
-0.02979858,51.5087,2.0
0.05371584,51.416443,2.0
-7.274469,52.757168,0
-2.0864286,58.23805,0
-7.0873213,53.17857,0
-6.079922,50.05036,0
-2.12352,52.490307,4.0
-3.7773733,59.463074,0
-1.3113735,56.173805,0
-4.531836,54.36124,0
-0.5815151,55.06726,0
-0.044695597,51.526634,2.0
-3.2223802,53.248363,8.0
0.43461698,50.94302,6.0
-6.4307942,53.755634,0
-3.7961993,54.37443,0
-0.50147676,50.38776,0
-1.2886316,50.67532,6.0
-4.0414762,54.370533,0
-2.4599736,53.89254,3.0
-6.105644,57.759144,0
-2.6628478,53.28672,3.0
-2.631899,58.37398,0
-1.5712054,55.899952,0
-5.8599424,55.42722,0
-5.6725965,56.12112,0
-1.5536851,57.41243,0
-2.2389362,55.05966,7.0
-2.6470628,59.19867,0
-0.047521517,50.51868,0
-4.4429436,52.849384,0
-5.8529687,57.904694,0
-3.404878,49.97595,0
0.008247746,53.292175,1.0
-2.0490112,52.46343,4.0
-4.5086164,49.819637,0
0.6385664,54.63415,0
-6.9162283,51.670746,0
-0.62559545,51.679264,6.0
-5.6545076,58.59853,0
-1.6227674,50.396797,0
-0.52597505,51.384834,6.0
1.2483312,52.967716,0
0.6565204,54.90895,0
-2.897466,58.097454,0
-2.8441098,56.509132,11.0
-5.223911,53.794216,0
0.43348244,51.60365,9.0
-2.0140526,52.367107,4.0
0.05278095,51.524803,2.0
-6.3599453,53.06978,0
-6.475068,58.57254,0
-2.0871036,58.51298,0
1.8383272,51.573303,0
-1.5665947,56.312485,0
-1.826172,55.900578,0
-0.052998483,51.542873,2.0
-2.5147104,53.57138,3.0
0.5696906,53.534805,0
-0.7668927,57.13218,0
-5.950036,54.905502,12.0
-6.3143353,50.17959,0
0.29964563,52.98987,0
-5.9281864,58.590446,0
-4.731514,53.668842,0
-4.19255,52.579044,0
-0.0420037,55.88513,0
-5.9832077,54.24629,12.0
-0.20401105,51.777912,9.0
-3.1723804,58.232697,0
0.45001346,55.601177,0
2.007655,50.879135,0
-2.5928226,51.456474,10.0
-5.0473967,51.3212,0
-5.6360736,52.95648,0
-0.9967118,51.40192,6.0
-1.7559015,53.651085,5.0
-1.5303285,53.845,5.0
0.26353472,51.67685,9.0
-3.3220875,54.47698,3.0
-5.9284353,56.11324,0
-1.9801952,52.245304,4.0
-3.3535044,51.568283,8.0
-7.4116683,53.85301,0
-4.1375704,50.38453,10.0
-3.1852567,51.533028,8.0
-8.053381,54.924664,0
-3.4240162,52.62483,8.0
-3.1599345,54.195335,3.0
1.8974044,52.259792,0
-0.60516465,51.299572,6.0
-5.93709,51.019245,0
-2.1395376,53.54646,3.0
-1.8156017,58.100475,0
-6.487751,56.507164,0
-7.022053,56.624386,0
-0.07587264,55.19789,0
-4.713873,53.394005,0
-6.915471,55.802418,0
-3.1962888,50.528908,0
-5.5836806,55.16038,0
-5.05255,54.762035,0
-3.2029912,55.96785,11.0
-2.8432608,53.69249,3.0
-5.1313334,58.88745,0
-0.27230167,50.522236,0
-2.6679277,55.565067,11.0
-6.4838047,51.963516,0
1.2565862,52.85223,9.0
-7.6749024,55.76962,0
-5.295568,51.589817,0
0.049164902,50.86651,6.0
-6.9287763,53.873863,0
-0.10469842,51.33301,2.0
-7.539358,56.602375,0
-5.698095,59.010044,0
1.5302458,53.510284,0
-5.823832,57.630356,0
-0.35193577,51.574215,2.0
-1.8088843,52.460785,4.0
1.9340042,52.671616,0
-8.322192,55.04876,0
-3.9808693,51.616787,8.0
1.5871274,51.305893,0
0.13775559,54.506454,0
0.9847418,51.06238,6.0
-1.5780935,54.983185,7.0
-5.6148486,49.790386,0
-0.6385948,50.802048,6.0
-2.3397446,56.312775,0
-5.011504,50.771446,0
-0.23170012,53.796906,5.0
-6.961402,52.08205,0
-2.0860958,58.100582,0
-0.932202,54.200546,5.0
-7.7768188,56.45375,0
-2.3607426,58.5125,0
-2.247657,51.847042,10.0
-2.7457387,53.34687,3.0
-3.2100346,59.332108,0
-4.588996,59.036972,0
-0.34809983,53.781036,5.0
-1.8085,52.491665,4.0
-5.846763,49.92063,0
-1.0190048,52.519543,1.0
0.78298146,53.11716,0
-5.210888,57.25013,11.0
-5.886985,55.701645,0
-6.74825,58.562717,0
-0.49273428,50.662945,0
-3.4537938,51.717636,8.0
-3.2758143,53.418034,0
-1.8129481,52.557537,4.0
-2.378913,53.75252,3.0
0.030219343,51.485584,2.0
-0.34115967,51.732075,9.0
-1.8170078,57.82553,0
-3.9775379,50.383156,10.0
-1.2987926,56.861282,0
-4.53021,50.232204,0
-4.369123,55.75589,11.0
-7.2415433,52.483143,0
-1.3967205,50.533493,0
-7.096298,57.172226,0
-1.4151667,51.61461,6.0
1.5532861,53.7849,0
-1.4752555,54.030014,5.0
-5.7324114,51.301346,0
-5.311142,54.89286,0
-1.2019897,52.51809,1.0
1.782391,53.640224,0
-1.4958383,52.917435,1.0
-5.367215,52.551445,0
-1.7423818,51.61986,10.0
-6.0294986,57.07345,0
-4.2790837,54.228695,0
-6.5395584,52.512226,0
0.6747823,55.18373,0
-0.1083231,54.510555,0
0.54501724,53.122486,0
-6.260312,56.790497,0
-0.17422308,51.402714,2.0
-5.68343,58.872883,0
-6.1625104,53.489906,0
-1.0546253,56.17211,0
-1.710283,52.167255,4.0
0.13060671,54.368996,0
0.10260378,53.81913,0
-5.754896,51.576004,0
-4.9533134,53.388313,0
-6.0970097,55.281845,0
-5.846595,55.289997,0
-0.095507815,54.785503,0
-0.31772023,51.609745,2.0
-7.73552,56.180126,0
-6.4083686,55.82168,0
-5.3806844,58.606026,0
-5.7662725,51.713326,0
-4.8756366,50.374752,10.0
-4.0702596,55.669888,11.0
-4.7421837,55.90448,11.0
-5.9355354,53.635284,0
-3.9042072,51.345375,0
-2.6423056,53.563854,3.0
-2.073968,53.40202,3.0
-0.48499468,53.060005,1.0
-4.4276266,52.574455,0
-2.366491,59.062305,0
-2.0820332,56.313213,0
-5.5359626,51.72049,0
-4.458513,53.124302,0
-2.4033828,53.548817,3.0
-1.2962089,56.998775,0
-7.280797,56.613647,0
-6.0709486,52.529305,0
1.7221462,52.95381,0
-4.714639,49.539623,0
-0.8429806,54.657375,0
-2.1786227,53.867744,3.0
-2.085726,50.74881,10.0
-2.6393745,58.786335,0
-5.6593275,53.23108,0
0.55317414,53.259926,0
-2.3621597,58.649956,0
-7.8059115,54.93678,0
-1.2909715,57.27373,0
-6.0901384,57.622005,0
-6.339299,50.4541,0
-6.455582,56.232994,0
-2.518513,50.258602,0
-5.277742,54.480907,0
-1.6249354,50.121502,0
-6.0457287,52.254795,0
-0.272244,56.43872,0
-6.700255,54.70463,12.0
-3.2925591,53.96817,0
-4.696519,53.11915,0
-5.8606367,52.811707,0
-5.4430313,53.51283,0
-4.0337768,59.046875,0
-5.377783,52.688793,0
0.34457642,53.814644,0
1.7459476,53.228386,0
-0.5444782,52.472897,1.0
-7.559537,56.739223,0
-3.7630823,59.188324,0
-1.3363695,52.420944,4.0
-2.7421558,50.257385,0
-1.9563491,54.089592,5.0
-6.402105,53.481308,0
-2.9009342,58.2349,0
-5.897683,58.316162,0
-5.9592614,58.86471,0
0.080820665,51.3545,2.0
-1.0869886,54.797012,0
-0.17991193,51.52475,2.0
-5.8143044,49.508564,0
-2.4484403,52.719555,4.0
-7.039145,52.76742,0
-3.2841175,53.69311,0
-4.1849294,50.763737,10.0
-5.0383177,51.18377,0
-0.79790914,56.16988,0
-1.5520053,57.549908,0
-3.107301,58.995598,11.0
-1.3050417,52.919994,1.0
-6.456589,51.689125,0
-1.4019257,50.12057,0
0.32183376,53.402275,0
-5.4999223,54.199394,0
-0.78042126,56.71979,0
-0.28935987,51.37836,2.0
-5.9139776,50.74462,0
-0.9499216,50.392673,0
-6.6169033,50.994316,0
-5.6693172,54.490707,12.0
-2.3422077,56.587776,0
-1.2936019,57.136253,0
-3.5457056,54.240334,0
-1.3839192,54.901695,7.0
1.1005783,54.210342,0
0.66244113,51.550392,9.0
-1.2883172,57.411213,0
-1.9829886,53.094,4.0
-0.16543975,51.435364,2.0
-0.033732265,51.469883,2.0
-1.6811912,53.71748,5.0
-5.3570204,55.44207,0
2.143215,52.389095,0
1.0935581,50.7693,0
-5.9006824,55.838852,0
-5.625127,49.927776,0
-5.3652363,49.384804,0
-6.234934,58.855957,0
-2.7531807,51.233486,10.0
-3.7781875,50.740383,10.0
-4.662651,52.5694,0
-0.16159822,51.36227,2.0
-4.6298623,51.798946,8.0
-2.4162526,53.599113,3.0
-5.8826413,58.179012,0
-6.127292,50.599537,0
-3.5355098,53.965313,0
0.603554,54.08452,0
-5.1621885,52.970043,0
-1.5455859,53.727253,5.0
-6.604938,57.466602,0
0.66561216,55.046337,0
-7.261717,56.476715,0
-0.87599605,52.264004,1.0
-3.9133437,51.068462,10.0
-5.6564407,50.339905,0
-2.0232537,52.60369,4.0
0.19718124,55.605972,0
-6.72883,56.36052,0
-1.8461827,50.672592,0
-7.634449,53.704956,0
-0.58635813,54.92977,0
-7.365456,55.370316,0
-7.153423,53.726677,0
-5.3674874,58.468807,0
-5.1226883,52.420498,0
-2.36359,58.787407,0
-5.398826,50.105404,10.0
-6.291735,57.064724,0
0.89502215,54.765896,0
-0.3526078,51.537663,2.0
-0.34330812,54.78914,0
-4.646124,52.294495,0
-5.800951,52.12525,0
-2.0829294,56.725727,0
-1.9304786,52.613823,4.0
2.0925448,51.8401,0
-2.6027708,51.541855,10.0
-7.1732473,57.71996,0
-3.7490587,58.91355,0
-5.9566774,56.387615,0
-5.621131,55.572163,0
1.3076032,52.65399,9.0
1.5658522,51.03118,0
-5.394005,58.74324,0
-6.785757,58.836685,0
-0.8021858,56.032402,0
-7.1201005,53.452637,0
-6.044454,57.21059,0
0.25980863,50.779305,6.0
-6.961355,54.147964,0
-5.4655056,53.78747,0
-0.94379395,50.667908,0
-6.1370807,58.03338,0
-4.96287,53.525703,0
-8.0740795,55.06144,0
-5.9483814,53.772522,0
-2.1996682,53.486435,3.0
-4.2869077,55.890728,11.0
-1.5553498,57.274944,0
-2.6294534,58.236526,0
1.861676,51.847916,0
1.6087418,51.580597,0
-8.216332,54.365143,0
-6.528369,58.983635,0
-2.3434556,56.72528,0
-2.294011,50.12174,0
-0.5667347,55.479733,0
-6.9449987,54.010925,0
-0.49712256,50.525356,0
-2.233947,53.51531,3.0
-5.5041614,51.30841,0
-2.9672656,53.395954,3.0
-1.8148891,58.237946,0
1.6530137,52.129936,0
-4.280694,49.686676,0
-7.3787704,57.298153,0
-2.6496742,59.3361,0
-1.5696819,56.037464,0
-1.1674314,53.1739,1.0
-6.6951222,56.086422,0
-1.8358114,52.762672,4.0
-0.32190236,51.480568,2.0
-1.0975931,53.52879,5.0
-1.3138239,56.03631,0
-7.071132,53.041527,0
-4.3002343,50.09932,0
-5.857749,50.05797,0
-0.4731638,53.38962,1.0
0.66254854,50.91847,6.0
-6.1530156,58.17049,0
0.057518654,51.45687,2.0
-0.5911602,54.79227,0
1.322602,53.929153,0
-3.478226,59.0544,0
-2.1765013,51.37944,10.0
-1.3951268,52.615448,1.0
-2.2142372,52.197426,4.0
-6.931167,51.80786,0
-0.068139054,51.719078,9.0
-0.1889367,51.635452,2.0
-0.14345689,51.545235,2.0
-7.948588,55.89443,0
-3.9979687,52.84698,8.0
0.39990678,54.77671,0
-1.3417869,51.457348,6.0
0.8659512,54.353767,0
-2.8535132,53.360817,3.0
-6.125554,55.5562,0
-5.6131945,52.681847,0
-6.429803,51.414722,0
-4.4985714,53.811535,0
-0.78924227,56.444843,0
-6.289755,49.905064,0
-0.07875499,51.590126,2.0
2.182302,52.80079,0
-2.709856,53.770977,3.0
-2.2792122,52.376904,4.0
-5.1130114,52.283104,0
-0.33196798,55.0641,0
-5.011858,54.212597,0
-0.60064334,54.517258,0
0.04487922,51.8163,9.0
-1.3234154,55.48625,0
-2.3593388,58.375034,0
-5.9743958,54.046993,0
-3.0406742,53.158943,8.0
-6.896733,53.599747,0
-6.5825686,52.92369,0
-7.058847,56.898323,0
-1.0512317,56.309612,0
-1.9731581,52.57122,4.0
-1.6766312,53.114357,1.0
-2.3927722,53.30058,3.0
-5.1521926,52.832657,0
-0.59499794,53.529285,5.0
-2.5603447,53.42152,3.0
-6.2517796,58.993027,0
-5.3991785,52.963493,0
-1.505901,51.837326,6.0
1.7704551,50.74936,0
-2.8940291,57.95999,0
-0.81892586,55.482426,0
1.3790646,51.58744,0
-6.818888,52.91432,0
-5.7123914,56.532795,0
-4.9513245,49.809204,0
-4.753496,50.227127,0
1.1588491,51.731243,0
-4.522957,50.09469,0
-0.12094382,51.477985,2.0
1.757996,53.365673,0
-2.9100711,53.43047,3.0
-7.003897,56.487404,0
-1.3257619,55.348736,0
-5.2467785,50.90281,0
-7.694933,55.90646,0
-3.5304756,53.827797,0
-5.867738,58.041862,0
-5.0481243,50.274757,10.0
-4.083446,50.24108,0
-3.2883208,53.830647,0
-2.0867646,58.375507,0
-6.5537786,52.649384,0
1.2902468,53.517136,0
-6.7805142,56.77161,0
-1.0408705,56.722065,0
-0.10912744,51.034565,6.0
-7.0774894,57.035275,0
-1.0797642,52.876564,1.0
0.17028071,51.467606,2.0
-4.3687625,51.474552,0
-5.7102795,51.026676,0
-1.9828926,54.601086,7.0
-6.022727,49.363766,0
-1.0229754,57.40943,0
-2.3538508,57.82517,0
-4.906687,52.701294,0
-7.134427,57.446106,0
-2.0714006,50.39739,0
-3.0583296,56.5031,11.0
1.2870421,52.624973,9.0
-0.55156696,55.89218,0
-6.8721166,51.25939,0
-8.175214,54.091637,0
0.3522836,53.95209,0
-1.4663947,52.42669,4.0
-1.0302298,57.134495,0
-1.5485998,57.824863,0
-7.786216,54.799946,0
-5.9298615,54.55696,12.0
-6.033269,52.117523,0
-1.484741,53.575092,5.0
1.1318594,54.62239,0
-2.7102637,53.47819,3.0
-4.7956204,54.630627,0
-3.1579611,51.656094,8.0
-3.1535084,51.008602,10.0
-0.80642533,55.894917,0
-1.1351808,52.965744,1.0
-1.1741853,50.39448,0
-6.644401,51.26867,0
-1.3673531,53.428074,5.0
1.8153458,51.29867,0
-1.3089014,56.311317,0
-3.0149028,53.521336,3.0
-0.2784529,56.30128,0
-6.176162,51.148636,0
0.8892649,52.058067,9.0
2.0194979,51.016438,0
1.3056931,52.50907,9.0
1.0845201,50.631855,0
0.58333766,52.55526,9.0
-2.8538945,53.449738,3.0
-5.105392,55.448715,0
-4.943835,53.250916,0
-6.074773,57.48488,0
-3.4915686,53.121246,8.0
-6.42323,58.161392,0
-0.28460792,56.163822,0
-1.8424934,52.52451,4.0
-4.0656576,49.828384,0
-0.19044082,51.127205,6.0
-2.2957106,50.397034,0
-4.5825987,51.194725,0
1.2691169,53.242428,0
-3.2653816,57.475235,11.0
-2.1120126,53.633213,3.0
-6.946224,51.944958,0
-7.7151375,56.043293,0
-6.6864696,51.680164,0
-7.1772556,51.934998,0
0.69708407,51.68077,9.0
1.9959053,50.74184,0
-6.537082,56.9184,0
-3.5225992,56.082752,11.0
-6.8697715,57.45663,0
-5.647653,53.09378,0
-0.055726934,55.61024,0
1.1109177,54.347694,0
-0.40844828,51.46466,2.0
-1.1317331,50.959373,6.0
-2.0716083,50.53503,0
-3.8431773,53.13237,8.0
-4.687948,52.981724,0
-2.907968,58.509796,0
-6.766916,58.6997,0
-2.9073985,53.19438,3.0
-5.2758207,51.315025,0
-4.2936707,49.961777,0
-3.8083067,54.6494,0
-7.1929226,57.856873,0
-0.72568357,50.39043,0
-5.5685315,52.132526,0
-1.8466307,50.53495,0
0.17090237,50.37715,0
-5.5795627,52.269867,0
-3.1319861,52.964954,8.0
-7.4219236,55.78107,0
-3.2192798,51.606285,8.0
-4.0684447,55.876915,11.0
-5.0657725,51.596054,0
-4.599375,59.174286,0
-6.729552,52.0916,0
1.7815459,50.88669,0
-1.3390098,54.51305,7.0
-2.62703,58.09907,0
-1.8662968,52.442154,4.0
-2.1625226,57.16656,11.0
-6.403436,51.140285,0
0.109517045,53.9566,0
-1.285639,57.548683,0
-2.75952,54.110012,3.0
-6.3646536,50.728596,0
-7.1036444,53.31561,0
0.0070317695,51.535477,2.0
1.5978922,51.443253,0
-7.132722,55.518066,0
-0.10334346,51.399544,2.0
-6.9823294,58.278435,0
-1.621671,50.53444,0
-7.3079333,53.03117,0
-0.9519146,51.45478,6.0
-6.525451,52.37505,0
-2.778279,52.667656,4.0
-0.38910246,53.73725,5.0
-1.5508256,53.650852,5.0
-2.3409708,56.45028,0
1.9715037,53.083397,0
-2.8602438,57.041245,11.0
-6.318805,52.6582,0
-5.156405,59.161938,0
-2.5974443,56.311802,0
-2.154163,52.58972,4.0
-1.5222336,52.392925,4.0
-2.746156,51.41882,10.0
-1.978547,52.534363,4.0
-0.35996288,54.37666,0
-1.4565336,52.888645,1.0
-0.7928919,51.73401,6.0
-6.457629,58.4355,0
-6.3267694,50.316856,0
-2.1381583,51.147472,10.0
-0.2773065,50.384655,0
-7.242804,56.33979,0
-0.19123285,51.546825,2.0
-0.98964185,50.83387,6.0
-1.847954,50.12201,0
0.79189867,53.25457,0
0.061340116,51.683792,9.0
-4.071542,49.96596,0
2.0678093,51.565563,0
-0.5307178,56.44205,0
-4.3300586,59.31689,0
-2.0746007,51.891235,10.0
-6.4975753,52.100697,0
-4.025696,58.90951,0
